202,caja,2022-01-29
54,frasco,2022-04-01
227,lata,2021-09-04
31,lata,2022-04-20
59,frasco,2021-09-10
12,caja,2021-10-07
62,lata,2022-04-02
115,lata,2021-11-02
107,caja,2021-11-30
83,caja,2021-05-23
343,lata,2021-06-09
326,lata,2021-08-16
1,caja,2021-06-07
142,caja,2021-06-08
408,frasco,2022-02-11
14,caja,2021-06-08
228,lata,2022-04-12
95,lata,2021-09-09
219,caja,2022-01-15
349,lata,2021-11-27
33,caja,2021-09-14
71,lata,2022-02-28
141,caja,2021-08-26
147,lata,2021-10-15
19,frasco,2021-12-12
199,lata,2021-12-23
336,caja,2022-05-04
338,frasco,2021-10-26
171,caja,2022-02-04
159,frasco,2021-06-11
124,lata,2021-11-05
391,lata,2021-07-19
300,caja,2022-02-18
352,frasco,2021-09-26
392,lata,2021-07-28
413,frasco,2021-09-15
207,lata,2021-05-11
416,frasco,2022-01-18
11,lata,2022-02-04
92,caja,2022-04-17
395,frasco,2021-10-05
201,lata,2021-06-28
241,caja,2022-03-11
355,frasco,2021-08-27
13,caja,2021-07-12
376,caja,2022-02-21
321,lata,2021-06-24
